-- MySQL dump 10.13  Distrib 5.7.27-30, for Linux (x86_64)
--
-- Host: localhost    Database: u2022070_gendoc
-- ------------------------------------------------------
-- Server version	5.7.27-30

/*!40101 SET @OLD_CHARACTER_SET_CLIENT=@@CHARACTER_SET_CLIENT */;
/*!40101 SET @OLD_CHARACTER_SET_RESULTS=@@CHARACTER_SET_RESULTS */;
/*!40101 SET @OLD_COLLATION_CONNECTION=@@COLLATION_CONNECTION */;
/*!40101 SET NAMES utf8mb4 */;
/*!40103 SET @OLD_TIME_ZONE=@@TIME_ZONE */;
/*!40103 SET TIME_ZONE='+00:00' */;
/*!40014 SET @OLD_UNIQUE_CHECKS=@@UNIQUE_CHECKS, UNIQUE_CHECKS=0 */;
/*!40014 SET @OLD_FOREIGN_KEY_CHECKS=@@FOREIGN_KEY_CHECKS, FOREIGN_KEY_CHECKS=0 */;
/*!40101 SET @OLD_SQL_MODE=@@SQL_MODE, SQL_MODE='NO_AUTO_VALUE_ON_ZERO' */;
/*!40111 SET @OLD_SQL_NOTES=@@SQL_NOTES, SQL_NOTES=0 */;
/*!50717 SELECT COUNT(*) INTO @rocksdb_has_p_s_session_variables FROM INFORMATION_SCHEMA.TABLES WHERE TABLE_SCHEMA = 'performance_schema' AND TABLE_NAME = 'session_variables' */;
/*!50717 SET @rocksdb_get_is_supported = IF (@rocksdb_has_p_s_session_variables, 'SELECT COUNT(*) INTO @rocksdb_is_supported FROM performance_schema.session_variables WHERE VARIABLE_NAME=\'rocksdb_bulk_load\'', 'SELECT 0') */;
/*!50717 PREPARE s FROM @rocksdb_get_is_supported */;
/*!50717 EXECUTE s */;
/*!50717 DEALLOCATE PREPARE s */;
/*!50717 SET @rocksdb_enable_bulk_load = IF (@rocksdb_is_supported, 'SET SESSION rocksdb_bulk_load = 1', 'SET @rocksdb_dummy_bulk_load = 0') */;
/*!50717 PREPARE s FROM @rocksdb_enable_bulk_load */;
/*!50717 EXECUTE s */;
/*!50717 DEALLOCATE PREPARE s */;

--
-- Table structure for table `documents`
--

DROP TABLE IF EXISTS `documents`;
/*!40101 SET @saved_cs_client     = @@character_set_client */;
/*!40101 SET character_set_client = utf8 */;
CREATE TABLE `documents` (
  `id` int(11) NOT NULL AUTO_INCREMENT,
  `templateId` int(11) NOT NULL,
  `dogovorName` varchar(1000) NOT NULL,
  `clientName` varchar(1000) NOT NULL,
  `comment` varchar(1000) NOT NULL,
  `userCreate` varchar(100) NOT NULL,
  PRIMARY KEY (`id`)
) ENGINE=InnoDB AUTO_INCREMENT=12 DEFAULT CHARSET=utf8mb4;
/*!40101 SET character_set_client = @saved_cs_client */;

--
-- Dumping data for table `documents`
--

LOCK TABLES `documents` WRITE;
/*!40000 ALTER TABLE `documents` DISABLE KEYS */;
INSERT INTO `documents` VALUES (8,1,'г. Чита, 17.01.2024, Генеральный директор\r\nСафонов В.Ю.','Лазарев Лазарь Васильевич','САО \"РЕСО-Гарантия\"','admin'),(9,1,'','','','testm'),(11,1,'г. Владивосток, 26.07.2024, Менеджер по работе с клиентами Бируля М.В.','Щербинин Сергей Александрович','AO «АльфаСтрахование»','Birula_MV');
/*!40000 ALTER TABLE `documents` ENABLE KEYS */;
UNLOCK TABLES;

--
-- Table structure for table `documents_data`
--

DROP TABLE IF EXISTS `documents_data`;
/*!40101 SET @saved_cs_client     = @@character_set_client */;
/*!40101 SET character_set_client = utf8 */;
CREATE TABLE `documents_data` (
  `id` int(11) NOT NULL AUTO_INCREMENT,
  `documentId` int(11) NOT NULL,
  `fieldId` int(11) NOT NULL,
  `fieldValue` varchar(5000) NOT NULL,
  PRIMARY KEY (`id`)
) ENGINE=InnoDB AUTO_INCREMENT=254 DEFAULT CHARSET=utf8mb4;
/*!40101 SET character_set_client = @saved_cs_client */;

--
-- Dumping data for table `documents_data`
--

LOCK TABLES `documents_data` WRITE;
/*!40000 ALTER TABLE `documents_data` DISABLE KEYS */;
INSERT INTO `documents_data` VALUES (1,2,3,'13'),(2,2,26,'15'),(3,2,1,'2023-06-26'),(4,2,11,'Тест Тест Тест'),(5,2,10,'1995-06-13'),(6,2,8,'111'),(7,2,9,'555'),(8,2,7,'ываыв'),(9,2,6,'5663-05-22'),(10,2,5,'250-059'),(11,2,4,'ВДК'),(12,2,12,'АРТЕМ'),(13,2,13,'2023-06-25'),(14,2,14,'10:00'),(15,2,15,'Евро'),(16,2,2,'21'),(17,2,16,'г. Владивосток'),(18,2,19,'ХХХ11111'),(19,2,20,'2023-07-04'),(20,2,21,'Лада Веста'),(21,2,22,'Х000ХХ125'),(22,2,17,'ХХХ0101010101'),(23,2,18,'2023-07-09'),(24,2,23,'Renault Logan'),(25,2,24,'А000АА75'),(26,2,25,'Хабибулин Петр'),(27,2,28,'18'),(28,2,27,'Владивосток, Ленина, 45'),(29,2,29,'25'),(30,2,30,'1111'),(31,2,31,'2008'),(32,2,32,'ПТС'),(33,2,33,'12345'),(34,2,34,'22'),(35,2,35,'29'),(36,3,37,'2023-01-01'),(37,3,36,'хрен моржовый петрович'),(38,4,3,'10'),(39,4,26,'15'),(40,4,1,'2023-08-12'),(41,4,11,'Пусика Долс Романовна'),(42,4,10,'1990-01-01'),(43,4,8,'0000'),(44,4,9,'123456'),(45,4,7,'УФМС США'),(46,4,6,'2022-01-01'),(47,4,5,'777-777'),(48,4,4,'Гринвей'),(49,4,12,'Владивосток, Ватутина 23'),(50,4,13,'2023-08-11'),(51,4,14,'23:59'),(52,4,15,'Еврик'),(53,4,2,'20'),(54,4,28,'18'),(55,4,27,'Артезиан'),(56,4,29,'25'),(57,4,19,'ХХХ вино333'),(58,4,20,'2023-09-02'),(59,4,21,'Toyota Ipsum'),(60,4,22,'Х001РА125'),(61,4,17,'ТТТ постр777'),(62,4,18,'2024-06-01'),(63,4,23,'ниссан скайлайн'),(64,4,30,'отсутствует'),(65,4,31,'2003'),(66,4,32,'СОР'),(67,4,33,'000р 52аа22'),(68,4,24,'А123АА125'),(69,4,25,'Шкидло Серега'),(70,4,34,'24'),(71,4,35,'28'),(72,5,3,'12'),(73,5,26,'17'),(74,5,1,'2023-09-11'),(75,5,11,'Иванов Иван Иванович'),(76,5,10,'1980-01-01'),(77,5,8,'0501'),(78,5,9,'000001'),(79,5,7,'УМВД РФ по ПК'),(80,5,6,'2020-01-01'),(81,5,5,'250-059'),(82,5,4,'г. Владивосток, ул. Пушкина, д. Колотушкино'),(83,5,12,'г. Артем, ул. теста, д. 3'),(84,5,13,'2024-10-10'),(85,5,14,'22:22'),(86,5,15,'извещение о ДТП от 10.10.2022'),(87,5,2,'20'),(88,5,28,'19'),(89,5,27,'г. Находка'),(90,5,29,'25'),(91,5,19,'ХХХ 101010'),(92,5,20,'2022-12-02'),(93,5,21,'toyota aqua'),(94,5,22,'х621мх125'),(95,5,17,'ТТТ 202020'),(96,5,18,'2023-01-01'),(97,5,23,'Toyota Harrier'),(98,5,30,'отсутствует'),(99,5,31,'2022'),(100,5,32,'СОР'),(101,5,33,'9923 № 995522 выдан 03.08.2022'),(102,5,24,'Х111ХХ125'),(103,5,25,'Петров Петр Петрович'),(104,5,34,'22'),(105,5,35,'30'),(106,6,3,'33'),(107,6,26,'15'),(108,6,1,'2024-11-11'),(109,6,11,'Пупок Пупок'),(110,6,10,'275760-03-31'),(111,6,8,'2433242343242'),(112,6,9,'432432432432432'),(113,6,7,'432432432432432'),(114,6,6,'234324-03-04'),(115,6,5,'432432432423'),(116,6,4,'4324324324'),(117,6,12,'4324у324у32432'),(118,6,13,'275760-03-04'),(119,6,14,'24:24'),(120,6,15,'432432423'),(121,6,2,'20'),(122,6,28,'18'),(123,6,27,'432432423424234'),(124,6,29,'26'),(125,6,19,'3424234324324324324к324'),(126,6,20,'275760-03-04'),(127,6,21,'432432423'),(128,6,22,'243242343243244'),(129,6,17,'4234324324234у2'),(130,6,18,'243242-03-04'),(131,6,23,'3243243242'),(132,6,30,'Влад Х не лох а авторитет'),(133,6,31,'432423423423'),(134,6,32,'432423423423432'),(135,6,33,'242343242'),(136,6,24,'4324234234234'),(137,6,25,'Пупок Пупок'),(138,6,34,'23'),(139,6,35,'29'),(140,7,1,'2024-07-11'),(141,7,3,'12'),(142,7,19,'ХХХ0120331316'),(143,7,20,'2024-11-10'),(144,7,22,'Х444РО125'),(145,7,21,'Toyota Corolla Fielder'),(146,7,17,'ХХХ0125412565'),(147,7,18,'2025-05-24'),(148,7,23,'Renault Logan'),(149,7,30,'отсутствует'),(150,7,24,'А111РА125'),(151,7,31,'2010'),(152,7,32,'СОР'),(153,7,33,'9922 124578 от 11.12.2023'),(154,7,25,'Вовочкин Владимир Владимирович'),(155,7,11,'Иванов Иван Иванович'),(156,7,10,'1990-10-10'),(157,7,38,'34'),(158,7,8,'хрен'),(159,7,9,'332255'),(160,7,7,'ОУФМС Пердяевска'),(161,7,6,'2015-12-10'),(162,7,5,'250-059'),(163,7,4,'г. Владивосток, ул. Пушкина, д. Калатушкина'),(164,7,12,'г. Владивосток, ул. Светланская, д. 109'),(165,7,13,'2024-07-10'),(166,7,14,'18:15'),(167,7,15,'Извещение о ДТП от 10.07.2024'),(168,7,2,'21'),(169,7,29,'25'),(170,7,39,'ХХХ0125412564'),(171,7,27,'г. Артем'),(172,7,28,'19'),(173,7,34,'22'),(174,7,26,''),(175,7,35,''),(176,8,1,'2024-01-17'),(177,8,3,'12'),(178,8,19,'ХХХ0120331316'),(179,8,20,'2024-07-22'),(180,8,22,'Х444РО125'),(181,8,21,'Toyota Corolla Fielder'),(182,8,17,'ХХХ0125412565'),(183,8,18,'2025-05-24'),(184,8,23,'Renault Logan'),(185,8,30,'отсутствует'),(186,8,24,'А111РА125'),(187,8,31,'2024'),(188,8,32,'СОР'),(189,8,33,'9922 124578 от 11.12.2023'),(190,8,25,'Петечкин Камо Грантович'),(191,8,11,'Лазарев Лазарь Васильевич'),(192,8,10,'2023-10-10'),(193,8,38,'35'),(194,8,8,'с025'),(195,8,9,'778899'),(196,8,7,'ОУФМС Пердяевска'),(197,8,6,'2025-12-10'),(198,8,5,'250-059'),(199,8,4,'г. Владивосток, ул. Пушкина, д. Калатушкина'),(200,8,12,'г. Владивосток, ул. Светланская, д. 109'),(201,8,13,'2024-07-10'),(202,8,14,'18:15'),(203,8,15,'Извещение о ДТП от 10.07.2024'),(204,8,2,'21'),(205,8,29,'25'),(206,8,39,'ХХХ0125412565'),(207,8,27,'г. Артем'),(208,8,28,'18'),(209,8,34,'22'),(210,8,26,'16'),(211,8,35,''),(212,8,40,''),(213,8,41,''),(214,8,42,''),(215,11,26,'15'),(216,11,1,'2024-07-26'),(217,11,3,'39'),(218,11,19,'ХХХ 0333957139'),(219,11,20,'2024-08-15'),(220,11,22,'К553МТ125'),(221,11,21,'Toyota Ractis'),(222,11,17,'ХХХ 0400748254'),(223,11,18,'2025-04-25'),(224,11,23,'Nissan Vanette'),(225,11,30,'отсутствует'),(226,11,24,'Х618ЕР125'),(227,11,31,'2005'),(228,11,32,'СОР'),(229,11,33,'9964 № 264290 выдан 30.04.2024'),(230,11,25,'Алиев Бобомурод Орифович'),(231,11,11,'Щербинин Сергей Александрович'),(232,11,10,'1981-03-31'),(233,11,38,'34'),(234,11,8,'0508'),(235,11,9,'468698'),(236,11,7,'Отделом УФМС России по Приморскому краю в Ленинском районе гор. Владивостока'),(237,11,6,'2008-04-03'),(238,11,5,'250-059'),(239,11,4,'Приморский край, г. Владивосток, ул. Нейбута, д. 30, кв. 19.'),(240,11,12,'г. Владивосток, ул. Народный проспект, д. 41'),(241,11,13,'2024-07-17'),(242,11,14,'19:10'),(243,11,15,'Извещение о дорожно-транспортном происшествии от 17.07.2024'),(244,11,2,'44'),(245,11,29,'25'),(246,11,39,'ХХХ 0400748254'),(247,11,27,'г. Владивосток'),(248,11,28,'18'),(249,11,34,'22'),(250,11,41,''),(251,11,42,''),(252,11,40,'39'),(253,11,35,'');
/*!40000 ALTER TABLE `documents_data` ENABLE KEYS */;
UNLOCK TABLES;

--
-- Table structure for table `ipaddrs`
--

DROP TABLE IF EXISTS `ipaddrs`;
/*!40101 SET @saved_cs_client     = @@character_set_client */;
/*!40101 SET character_set_client = utf8 */;
CREATE TABLE `ipaddrs` (
  `id` int(11) NOT NULL AUTO_INCREMENT,
  `ipaddress` varchar(100) NOT NULL,
  `comment` varchar(500) NOT NULL,
  PRIMARY KEY (`id`)
) ENGINE=InnoDB AUTO_INCREMENT=3 DEFAULT CHARSET=utf8mb4;
/*!40101 SET character_set_client = @saved_cs_client */;

--
-- Dumping data for table `ipaddrs`
--

LOCK TABLES `ipaddrs` WRITE;
/*!40000 ALTER TABLE `ipaddrs` DISABLE KEYS */;
INSERT INTO `ipaddrs` VALUES (1,'178.155.64.130','developer'),(2,'188.233.0.13','developer');
/*!40000 ALTER TABLE `ipaddrs` ENABLE KEYS */;
UNLOCK TABLES;

--
-- Table structure for table `registers`
--

DROP TABLE IF EXISTS `registers`;
/*!40101 SET @saved_cs_client     = @@character_set_client */;
/*!40101 SET character_set_client = utf8 */;
CREATE TABLE `registers` (
  `id` int(11) NOT NULL AUTO_INCREMENT,
  `name` varchar(500) NOT NULL,
  `comment` varchar(500) NOT NULL,
  `typeSprav` tinyint(1) NOT NULL DEFAULT '1',
  PRIMARY KEY (`id`)
) ENGINE=InnoDB AUTO_INCREMENT=13 DEFAULT CHARSET=utf8mb4;
/*!40101 SET character_set_client = @saved_cs_client */;

--
-- Dumping data for table `registers`
--

LOCK TABLES `registers` WRITE;
/*!40000 ALTER TABLE `registers` DISABLE KEYS */;
INSERT INTO `registers` VALUES (1,'Цессионарий','Цессионарий',1),(2,'Страховые компании','Страховые компании',1),(3,'Марки и модели автомобилей','Марки и модели автомобилей',0),(6,'Города заключения договора','Города заключения договора',1),(7,'Машина на ходу','Машина на ходу?',1),(8,'Причины подачи доков в СК виновника','Причины подачи доков в СК виновника',1),(9,'Двигался / стоял / отсутствовал','Двигался / стоял / отсутствовал на месте ДТП',1),(10,'Компания своя/виновника','Своя компания или компания виновника',1),(11,'НЕНУЖНЫЙ СПРАВОЧНИК (Платежные реквизиты)','Платежные реквизиты',1),(12,'Вид документа','Вид документа',1);
/*!40000 ALTER TABLE `registers` ENABLE KEYS */;
UNLOCK TABLES;

--
-- Table structure for table `registers_cons`
--

DROP TABLE IF EXISTS `registers_cons`;
/*!40101 SET @saved_cs_client     = @@character_set_client */;
/*!40101 SET character_set_client = utf8 */;
CREATE TABLE `registers_cons` (
  `id` int(11) NOT NULL AUTO_INCREMENT,
  `registerId` int(11) NOT NULL,
  `fieldName` varchar(500) NOT NULL,
  `comment` varchar(500) NOT NULL,
  `fieldType` varchar(100) NOT NULL,
  `isRequired` tinyint(1) NOT NULL,
  `isUnique` tinyint(1) NOT NULL,
  `priority` int(11) NOT NULL DEFAULT '0',
  PRIMARY KEY (`id`)
) ENGINE=InnoDB AUTO_INCREMENT=57 DEFAULT CHARSET=utf8mb4;
/*!40101 SET character_set_client = @saved_cs_client */;

--
-- Dumping data for table `registers_cons`
--

LOCK TABLES `registers_cons` WRITE;
/*!40000 ALTER TABLE `registers_cons` DISABLE KEYS */;
INSERT INTO `registers_cons` VALUES (2,2,'Наименование','Наименование страховой компании','text',1,1,1),(3,2,'Адрес','Адрес страховой компании','text',1,0,0),(7,3,'Модель автомобиля','Модель автомобиля','text',1,1,10),(16,1,'Краткое наименование','Иванов И.И./ИП Иванов И.И./Менеджер по работе с клиентами Иванов И.И.','textarea',1,1,100),(17,1,'Полное наименование','Полное наименование','textarea',1,0,50),(18,1,'ФИО','ФИО','text',0,0,45),(19,1,'Дата рождения','Дата рождения','date',0,0,44),(20,1,'Паспорт','Паспорт','text',0,0,43),(21,1,'Выдан','Выдан','text',0,0,42),(22,1,'Прописка','Прописка','text',0,0,41),(23,1,'Телефон','Телефон','text',0,0,40),(26,1,'ФИО краткое','ФИО краткое','text',0,0,35),(27,1,'Подпись','Подпись','textarea',0,0,30),(28,1,'Город заключения договора','Город заключения договора','sprav_6',1,0,25),(29,1,'Дата приема','Дата приема','date',1,0,20),(30,1,'Дата увольнения','Дата увольнения','date',0,0,20),(31,6,'Наименование города','Наименование города','text',1,1,100),(32,7,'Наименование','Описание состояния машины на ходу','text',1,1,10),(33,8,'Наименование причины','Наименование причины','text',0,0,10),(34,8,'Описание причины','Описание причины','text',0,0,0),(35,6,'Головной офис','Город головного офиса?','bool',1,0,50),(36,9,'Наименование','Наименование','text',1,1,10),(37,9,'Код','Код','number',1,1,5),(38,10,'Наименование','Описание - своя компания или компания виновника','text',1,1,10),(39,10,'Код','Код','number',1,1,5),(40,7,'Код','Код описания машина ан ходу','number',1,1,5),(41,11,'Наименование','Наименование','text',1,1,100),(42,11,'Реквизиты','Реквизиты','textarea',1,0,50),(43,11,'Юридическое лицо','Юридическое лицо?','bool',1,0,30),(44,11,'Головной офис','Головной офис?','bool',1,0,25),(45,1,'Краткое наименование 2','Краткое подробное наименование 2','textarea',1,0,98),(46,1,'Юридическое лицо','Юридическое лицо','bool',1,0,0),(49,12,'Вид документа','Вид документа','text',1,1,2),(50,1,'Не заполнять','Чушь','text',0,0,0),(51,12,'Вид документа 2','Вид документа 2','text',1,0,1),(52,6,'Город заключения договора','Город заключения договора','text',1,0,75),(53,1,'Реквизиты','Новое поле с реквизитами','textarea',1,1,1),(54,9,'Описание','Описание','text',1,0,7),(55,7,'Описание','Описание','text',1,0,7),(56,10,'Описание','Описание','textarea',1,0,7);
/*!40000 ALTER TABLE `registers_cons` ENABLE KEYS */;
UNLOCK TABLES;

--
-- Table structure for table `registers_data`
--

DROP TABLE IF EXISTS `registers_data`;
/*!40101 SET @saved_cs_client     = @@character_set_client */;
/*!40101 SET character_set_client = utf8 */;
CREATE TABLE `registers_data` (
  `id` int(11) NOT NULL AUTO_INCREMENT,
  `registerId` int(11) NOT NULL,
  `zapId` int(11) NOT NULL,
  `fieldId` int(11) NOT NULL,
  `fieldValue` varchar(5000) NOT NULL,
  PRIMARY KEY (`id`)
) ENGINE=InnoDB AUTO_INCREMENT=312 DEFAULT CHARSET=utf8mb4;
/*!40101 SET character_set_client = @saved_cs_client */;

--
-- Dumping data for table `registers_data`
--

LOCK TABLES `registers_data` WRITE;
/*!40000 ALTER TABLE `registers_data` DISABLE KEYS */;
INSERT INTO `registers_data` VALUES (7,3,3,7,'Renault Megane III универсал'),(9,3,4,7,'Renault Logan'),(26,1,10,16,'Сафонов В.Ю.'),(27,1,10,17,'Сафонов Владислав Юрьевич, 12.03.1995 г.р. паспорт 0520 №800293 выдан УМВД России по Приморскому краю 02.09.2020, зарегистрирован: г.Владивосток, ул.Громова д.12 кв.89, именуемый'),(28,1,10,18,'Сафонов Владислав Юрьевич'),(29,1,10,19,'1995-03-12'),(30,1,10,20,'паспорт 0520 №800293'),(31,1,10,21,'УМВД России по Приморскому краю 02.09.2020'),(32,1,10,22,'690034 г.Владивосток, ул.Громова д.12 кв.89'),(33,1,10,23,'89084401265'),(36,1,10,26,'Сафонов В.Ю.'),(37,1,10,27,'__________________ Сафонов В.Ю.'),(38,1,10,28,'15'),(39,1,11,16,'ИП Сафонов В.Ю.'),(40,1,11,17,'Индивидуальный предприниматель Сафонов Владислав Юрьевич ИНН: 253610459327, ОГРНИП 318253600027416'),(41,1,11,18,'Индивидуальный предприниматель Сафонов Владислав Юрьевич'),(42,1,11,19,'1995-03-12'),(43,1,11,20,'паспорт 0520 №800293'),(44,1,11,21,'УМВД России по Приморскому краю 02.09.2020'),(45,1,11,22,'690034 г.Владивосток, ул.Громова д.12 кв.89'),(46,1,11,23,'89084401265'),(49,1,11,26,'ИП Сафонов В.Ю.'),(50,1,11,27,''),(51,1,11,28,'15'),(52,1,12,16,'Генеральный директор\r\nСафонов В.Ю.'),(53,1,12,17,'Общество с ограниченной ответственностью \"Правовой холдинг\", в лице генерального директора Сафонова Владислава Юрьевича, действующий на основании устава'),(54,1,12,18,'Общество с ограниченной ответственностью \"Правовой холдинг\"'),(55,1,12,19,'1995-03-12'),(56,1,12,20,'паспорт 0520 №800293'),(57,1,12,21,'УМВД России по Приморскому краю 02.09.2020'),(58,1,12,22,'г.Владивосток ул.Зейская д.12'),(59,1,12,23,'89084401265'),(62,1,12,26,'Сафонов В.Ю.'),(63,1,12,27,'Генеральный директор\r\n__________________ Сафонов В.Ю.'),(64,1,12,28,'15'),(65,1,13,16,'Менеджер по работе с клиентами\r\nГавриловская О.А.'),(66,1,13,17,'Общество с ограниченной ответственностью \"Правовой холдинг\", в лице Менеджера по работе с клиентами Гавриловской Ольги Алексеевны, действующей на основании доверенности'),(67,1,13,18,'Общество с ограниченной ответственностью \"Правовой холдинг\"'),(68,1,13,19,''),(69,1,13,20,''),(70,1,13,21,''),(71,1,13,22,'г.Владивосток ул.Зейская д.12'),(72,1,13,23,''),(75,1,13,26,'Гавриловская О.А.'),(76,1,13,27,'Менеджер по работе с клиентами\r\n__________________ Гавриловская О.А.'),(77,1,13,28,'15'),(78,1,14,16,'Старший менеджер \r\nобособленного подразделения\r\nг.Артем Боробова Е.О.'),(79,1,14,17,'Общество с ограниченной ответственностью \"Правовой холдинг\", в лице Старшего менеджера обособленного подразделения г.Артем Боробовой Екатерины Олеговны, действующей на основании доверенности'),(80,1,14,18,'Общество с ограниченной ответственностью \"Правовой холдинг\"'),(81,1,14,19,''),(82,1,14,20,''),(83,1,14,21,''),(84,1,14,22,'г.Владивосток ул.Зейская д.12'),(85,1,14,23,''),(88,1,14,26,'Боробова Е.О.'),(89,1,14,27,'Старший менеджер обособленного подразделения г.Артем\r\n__________________ Боробова Е.О.'),(90,1,14,28,'17'),(91,1,12,29,'2023-06-01'),(92,1,12,30,''),(93,1,11,29,'2023-06-01'),(94,1,11,30,''),(95,1,13,29,'2023-01-01'),(96,1,13,30,'2023-02-16'),(97,1,10,29,'2023-06-01'),(98,1,10,30,''),(99,1,14,29,'2023-06-01'),(100,1,14,30,''),(101,6,15,31,'г. Владивосток'),(102,6,16,31,'г. Чита'),(103,6,17,31,'г. Артем'),(104,7,18,32,'Машина на ходу, в городе заключения цесии проводим осмотр'),(105,7,19,32,'Машина на ходу, но город осмотра отличается от города заключения цессии'),(106,2,20,2,'ПАО СК \"Росгосстрах\"'),(107,2,20,3,'119991, г. Москва – 59, ГСП-1, ул. Киевская, д. 7'),(108,2,21,2,'САО \"РЕСО-Гарантия\"'),(109,2,21,3,'125047, г. Москва, ул. Гашека, д.12, стр.1'),(110,6,17,35,'Нет'),(111,6,15,35,'Да'),(112,6,16,35,'Нет'),(113,9,22,36,'Двигался'),(114,9,22,37,'1'),(115,9,23,36,'Стоял'),(116,9,23,37,'2'),(117,9,24,36,'Отсутствовал на месте ДТП'),(118,9,24,37,'3'),(119,10,25,38,'Своя компания'),(120,10,25,39,'1'),(121,10,26,38,'Компания виновника'),(122,10,26,39,'2'),(123,7,18,40,'1'),(124,7,19,40,'2'),(125,7,27,32,'Машина не на ходу (указать адрес авто) - требуется выезд к АВТО'),(126,7,27,40,'3'),(127,11,28,41,'Физическое лицо'),(128,11,28,42,'Получатель: Сафонов Владислав Юрьевич\r\nНомер счёта: 4081 7810 7068 5002 3324\r\nБанк получателя: АО «Альфа-Банк», г. Москва\r\nБИК: 044525593\r\nИНН Банка: 7728168971\r\nКПП Банка: 770801001\r\nКор. счёт: 30101810200000000593'),(129,11,28,43,'Нет'),(130,11,28,44,'Нет'),(131,11,29,41,'Владивосток, головной офис'),(132,11,29,42,'ООО \"Правовой холдинг\"\r\nИНН: 2536327570\r\nг.Владивосток, ул.Зейская д.12 оф.5\r\nР/сч: 40702810102500113077\r\nБанк: ООО \"Банк Точка\"\r\nБИК: 044525104\r\nК/сч: 30101810745374525104'),(133,11,29,43,'Да'),(134,11,29,44,'Да'),(135,11,30,41,'Чита'),(136,11,30,42,'ООО \"Правовой холдинг\"\r\nИНН: 2536327570, КПП: 253601001\r\nЮр., почтовый адрес:\r\n690005, г.Владивосток, ул.Зейская д.12 оф.5\r\nАдрес об. подр.: г. Чита, ул. Горького, д. 43, стр. 1, этаж 1, пом. 6 (на поэтажном плане)\r\nКПП об. подр.: 750045001\r\nР/сч: 40702810401500145649\r\nБанк: ООО \"Банк Точка\"\r\nБИК: 044525104\r\nК/сч: 30101810745374525104'),(137,11,30,43,'Да'),(138,11,30,44,'Нет'),(139,1,12,45,'Генеральный директор ООО \"Правовой холдинг\" Сафонов В.Ю.'),(140,1,12,46,'Да'),(141,1,11,45,'ИП Сафонов В.Ю.'),(142,1,11,46,'Да'),(143,1,13,45,'Менеджер по работе с клиентами ООО \"Правовой холдинг\" Гавриловская О.А.'),(144,1,13,46,'Да'),(145,1,10,45,'Сафонов В.Ю.'),(146,1,10,46,'Нет'),(147,1,14,45,'Старший менеджер обособленного подразделения г.Артем ООО \"Правовой холдинг\" Боробова Е.О.'),(148,1,14,46,'Да'),(149,1,31,16,'Менеджер по работе с клиентами\r\nЖелезняк О.В.'),(150,1,31,45,'Менеджер по работе с клиентами ООО \"Правовой холдинг\" Железняк О.В.'),(151,1,31,17,'Общество с ограниченной ответственностью \"Правовой холдинг\", в лице Менеджера по работе с клиентами Железняк Ольги Викторовны, действующей на основании доверенности'),(152,1,31,46,'Да'),(153,1,31,18,'Общество с ограниченной ответственностью \"Правовой холдинг\"'),(154,1,31,19,''),(155,1,31,20,''),(156,1,31,21,''),(157,1,31,22,'г.Владивосток ул.Зейская д.12'),(158,1,31,23,''),(159,1,31,26,'Железняк О.В.'),(160,1,31,27,'Менеджер по работе с клиентами\r\n__________________ Железняк О.В.'),(161,1,31,28,'15'),(162,1,31,29,'2023-01-01'),(163,1,31,30,''),(164,1,32,16,'Старший менеджер \r\nобособленного подразделения\r\nг.Чита Ширванян А.А.'),(165,1,32,45,'Старший менеджер обособленного подразделения г.Чита ООО \"Правовой холдинг\" Ширванян А.А.'),(166,1,32,17,'Общество с ограниченной ответственностью \"Правовой холдинг\", в лице Старшего менеджера обособленного подразделения г.Чита Ширванян Альберта Араратовича, действующего на основании доверенности'),(167,1,32,46,'Да'),(168,1,32,18,'Общество с ограниченной ответственностью \"Правовой холдинг\"'),(169,1,32,19,''),(170,1,32,20,''),(171,1,32,21,''),(172,1,32,22,'г.Владивосток ул.Зейская д.12'),(173,1,32,23,''),(174,1,32,26,'Ширванян А.А.'),(175,1,32,27,'Старший менеджер обособленного подразделения г.Чита\r\n__________________ Ширванян А.А.'),(176,1,32,28,'16'),(177,1,32,29,'2023-01-01'),(178,1,32,30,''),(179,1,33,16,'Менеджер по работе с клиентами\r\nКапчинская Е.А.'),(180,1,33,45,'Менеджер по работе с клиентами ООО \"Правовой холдинг\" Капчинская Е.А.'),(181,1,33,17,'Общество с ограниченной ответственностью \"Правовой холдинг\", в лице Менеджера по работе с клиентами Капчинской Елизаветы Андреевны, действующей на основании доверенности'),(182,1,33,46,'Да'),(183,1,33,18,'Общество с ограниченной ответственностью \"Правовой холдинг\"'),(184,1,33,19,''),(185,1,33,20,''),(186,1,33,21,''),(187,1,33,22,'г.Владивосток ул.Зейская д.12'),(188,1,33,23,''),(189,1,33,26,'Капчинская Е.А.'),(190,1,33,27,'Менеджер по работе с клиентами\r\n__________________ Капчинская Е.А.'),(191,1,33,28,'15'),(192,1,33,29,'2023-09-01'),(193,1,33,30,''),(194,12,34,49,'паспорт'),(195,12,35,49,'вид на жительство'),(196,12,36,49,'паспорт иностранного гражданина'),(197,1,12,50,''),(198,12,35,51,'вид на жительство'),(199,12,34,51,'паспорт'),(200,12,36,51,'паспорт иностранного гражданина'),(201,6,17,52,'г. Артем'),(202,6,15,52,'г. Владивосток'),(203,6,16,52,'г. Чита'),(204,1,13,50,''),(205,1,32,50,''),(206,1,11,50,''),(207,1,37,16,'Иванов И.И.'),(208,1,37,45,'Иванов И.И.'),(209,1,37,17,'Иванов Иван Иванович, 12.03.1995 г.р. паспорт 0520 №800293 выдан УМВД России по Приморскому краю 02.09.2020, зарегистрирован: г.Владивосток, ул.Бирулина, д.12 кв.89, именуемый'),(210,1,37,46,'Нет'),(211,1,37,18,'Иванов Иван Иванович'),(212,1,37,19,'1995-03-12'),(213,1,37,20,'паспорт 0520 №800293'),(214,1,37,21,'УМВД России по Приморскому краю 02.09.2020'),(215,1,37,22,'690034 г.Владивосток, ул.Бирулина, д.12 кв.89'),(216,1,37,23,'89999999999'),(217,1,37,26,'Иванов И.И.'),(218,1,37,27,'__________________ Иванов И.И.'),(219,1,37,28,'17'),(220,1,37,29,'2023-06-01'),(221,1,37,30,''),(222,1,37,50,''),(223,11,38,41,'Физ. лицо Иванов'),(224,11,38,42,'Получатель: Иванов Иван Иванович\r\nНомер счёта: 4081 7810 7068 5002 3324\r\nБанк получателя: АО «Альфа-Банк», г. Москва\r\nБИК: 044525593\r\nИНН Банка: 7728168971\r\nКПП Банка: 770801001\r\nКор. счёт: 30101810200000000593'),(225,11,38,43,'Нет'),(226,11,38,44,'Нет'),(227,1,12,53,'ООО \"Правовой холдинг\"\r\nИНН: 2536327570\r\nг.Владивосток, ул.Зейская д.12 оф.3\r\nР/сч: 40702810102500113077\r\nБанк: ООО \"Банк Точка\"\r\nБИК: 044525104\r\nК/сч: 30101810745374525104'),(228,1,39,16,'Менеджер по работе с клиентами Бируля М.В.'),(229,1,39,45,'Менеджер по работе с клиентами ООО \"Правовой холдинг\" Бируля М.В.'),(230,1,39,17,'Общество с ограниченной ответственностью \"Правовой холдинг\", в лице Менеджера по работе с клиентами Бирули Максима Вадимовича, действующего на основании доверенности'),(231,1,39,18,'Общество с ограниченной ответственностью \"Правовой холдинг\"'),(232,1,39,19,''),(233,1,39,20,''),(234,1,39,21,''),(235,1,39,22,'г.Владивосток,ул.Зейская,д.12'),(236,1,39,23,''),(237,1,39,26,'Бируля М.В.'),(238,1,39,27,'Менеджер по работе с клиентами\r\n__________________ Бируля М.В.'),(239,1,39,28,'15'),(240,1,39,29,'2024-01-01'),(241,1,39,30,''),(242,1,39,53,'ООО \"Правовой холдинг\"\r\nИНН: 2536327570, КПП: 253601001\r\nг.Владивосток, ул.Зейская д.12 оф.3\r\nР/сч: 40702810102500113077\r\nБанк: ООО \"Банк Точка\"\r\nБИК: 044525104\r\nК/сч: 30101810745374525104'),(243,1,39,50,''),(244,1,39,46,'Да'),(245,2,40,2,'ООО СК \"Гелиос\"'),(246,2,40,3,'680038, г. Хабаровск, ул. Тургенева д.96, кор.2'),(247,2,41,2,'СПАО \"Ингосстрах\"'),(248,2,41,3,'117997, г. Москва, ГСП-7, ул. Пятницкая,д.12,стр.2'),(249,2,42,2,'AO \"Тинькофф Страхование\"'),(250,2,42,3,'127287, Россия, г. Москва,  ул.2-я Хуторская, д. 38А, стр. 26'),(251,2,43,2,'САО \"ВСК\"'),(252,2,43,3,'121552, г. Москва, ул. Островная, д. 4'),(253,2,44,2,'AO «АльфаСтрахование»'),(254,2,44,3,'115162, г. Москва, ул. Шаболовка, 31, стр.Б'),(255,2,45,2,'АО \"СОГАЗ\"'),(256,2,45,3,'107078, Москва, пр-т Академика Сахарова, д. 10'),(257,2,46,2,'ООО «СК «СОГЛАСИЕ»'),(258,2,46,3,'129110, г. Москва, ул. Гиляровского, 42'),(259,2,47,2,'АО «МАКС»'),(260,2,47,3,'115184, г. Москва, ул. Ордынка М., 50'),(261,2,48,2,'АО \"ГСК \"Югория\"'),(262,2,48,3,'628011, Ханты-Мансийский Автономный округ - Югра, г. Ханты-Мансийск, Комсомольская ул., д.61'),(263,2,49,2,'AO \"Совкомбанк страхование\"'),(264,2,49,3,'192007, Россия, Санкт-Петербург, наб. Обводного канала, д. 60 А'),(265,2,50,2,'ООО СК \"Сбербанк страхование\"'),(266,2,50,3,'121170 г. Москва, ул. Поклонная, дом 3, корпус 1, 1 этаж, помещение 3'),(267,2,51,2,'ПАО \"САК \"Энергогарант\"'),(268,2,51,3,'115035, город Москва, Садовническая наб., д. 23'),(269,2,52,2,'ПАО «Группа Ренессанс Страхование»'),(270,2,52,3,'115114, город Москва, Дербеневская набережная, дом 11, этаж 10, пом. 12'),(271,2,53,2,'ООО РСО «ЕВРОИНС»'),(272,2,53,3,'214000, Смоленская область, г. Смоленск, ул. Глинки, дом 7, этаж 2, помещение 9'),(273,2,54,2,'АО \"БОРОВИЦКОЕ СТРАХОВОЕ ОБЩЕСТВО\"'),(274,2,54,3,'101000, г.Москва, Покровский б-р, д. 4/17 стр. 3'),(275,2,55,2,'АО «СК «Астро-Волга»'),(276,2,55,3,'443001, Самарская область, город Самара, Арцыбушевская ул., д. 167'),(277,2,56,2,'АО СК \"Двадцать Первый Век\"'),(278,2,56,3,'190000, город Санкт-Петербург, Литейный пр-кт, д. 57а литера А'),(279,2,57,2,'АО СК \"Армеец\"'),(280,2,57,3,'125040, город Москва, Ленинградский пр-кт, д.20 к.1'),(281,2,58,2,'АО \"СК \"ПАРИ\"'),(282,2,58,3,'127015, г Москва, ул Расковой, 34 / стр 14'),(283,2,59,2,'АО СК \"БАСК\"'),(284,2,59,3,'652600, Кемеровская область, город Белово, Цинкзаводской пер, д. 8а'),(285,2,60,2,'ООО СК \"Паритет-СК\"'),(286,2,60,3,'117447, город Москва, Севастопольский пр-кт, д. 11г, этаж. 5 помещ. 8'),(287,2,61,2,'ООО \"СК \"ИНСАЙТ\"'),(288,2,61,3,'143420, Московская область, город Красногорск, деревня Михалково, тер. Автодорога Балтия, д. 25 км литера 11б, эт/пом/ком 3/1/84'),(289,2,62,2,'ООО \"Абсолют Страхование\"'),(290,2,62,3,'115280, город Москва, ул. Ленинская Слобода, д. 26'),(291,2,63,2,'АО \"СК ГАЙДЕ\"'),(292,2,63,3,'117638, город Москва, Одесская ул, д. 2, помещ. 8/16'),(293,2,64,2,'АО СГ \"Спасские Ворота\"'),(294,2,64,3,'105318, город Москва, ул. Ибрагимова, д. 15 к. 2, помещ. 201'),(295,2,65,2,'АО \"Страховая бизнес группа\"'),(296,2,65,3,'394018, Воронежская область, город Воронеж, ул. Платонова, д.16'),(297,2,66,2,'АО \"СО \"Талисман\"'),(298,2,66,3,'420111, Республика Татарстан, г Казань, ул Пушкина, д. 11, помещ. 3'),(299,2,67,2,'АО СК \" Чулпан\"'),(300,2,67,3,'423452, Республика Татарстан, Альметьевский район, город Альметьевск, ул. Пушкина, д. 66, помещ. 1'),(301,7,68,32,'Машине нужен осмотр в СТОА с разбором и/или дефектовкой'),(302,7,68,40,'4'),(303,9,22,54,'двигался'),(304,9,23,54,'стоял'),(305,9,24,54,'отсутствовал на месте ДТП.'),(306,7,27,55,'Поврежденное ТС не на ходу, необходим выезд эксперта к автомобилю. ТС расположено по адресу: ${Адрес или город осмотра ТС}'),(307,7,18,55,'Направление на осмотр выдать в экспертную организацию, расположенную в ${городЗаключенияДоговора}'),(308,7,19,55,'Направление на осмотр выдать в экспертную организацию, расположенную в: ${Адрес или город осмотра ТС}'),(309,7,68,55,'Для осмотра поврежденного ТС, необходим выезд эксперта к автомобилю в СТОА, так как требуется дефектовка ходовой части. СТОА расположено по адресу: ${Адрес или город осмотра ТС}'),(310,10,25,56,'осуществить прямое возмещение убытков  по договору  обязательного  страхования  гражданской ответственности владельцев транспортных средств серия ${Серия и номер полиса по которому обращаемся}, выданному страховой организацией ${наименование СК}, путем выдачи направления на ремонт.'),(311,10,26,56,'осуществить страховое возмещение  по договору  обязательного  страхования  гражданской ответственности владельцев транспортных средств серия ${Серия и номер полиса по которому обращаемся}, выданному страховой организацией ${наименование СК}, путем выдачи направления на ремонт.');
/*!40000 ALTER TABLE `registers_data` ENABLE KEYS */;
UNLOCK TABLES;

--
-- Table structure for table `templates`
--

DROP TABLE IF EXISTS `templates`;
/*!40101 SET @saved_cs_client     = @@character_set_client */;
/*!40101 SET character_set_client = utf8 */;
CREATE TABLE `templates` (
  `id` int(11) NOT NULL AUTO_INCREMENT,
  `name` varchar(500) NOT NULL,
  `comment` varchar(500) NOT NULL,
  PRIMARY KEY (`id`)
) ENGINE=InnoDB AUTO_INCREMENT=3 DEFAULT CHARSET=utf8mb4;
/*!40101 SET character_set_client = @saved_cs_client */;

--
-- Dumping data for table `templates`
--

LOCK TABLES `templates` WRITE;
/*!40000 ALTER TABLE `templates` DISABLE KEYS */;
INSERT INTO `templates` VALUES (1,'Цессия ФЛ-ПХ','Документы по физическому лицу'),(2,'ДКП','Договор купли-продажи');
/*!40000 ALTER TABLE `templates` ENABLE KEYS */;
UNLOCK TABLES;

--
-- Table structure for table `templates_cell`
--

DROP TABLE IF EXISTS `templates_cell`;
/*!40101 SET @saved_cs_client     = @@character_set_client */;
/*!40101 SET character_set_client = utf8 */;
CREATE TABLE `templates_cell` (
  `id` int(11) NOT NULL AUTO_INCREMENT,
  `typeField` varchar(1) NOT NULL,
  `typeCell` varchar(1) NOT NULL,
  `fieldId` int(11) NOT NULL,
  `fieldDocId` int(11) NOT NULL,
  `fieldValue` varchar(5000) NOT NULL,
  PRIMARY KEY (`id`)
) ENGINE=InnoDB AUTO_INCREMENT=175 DEFAULT CHARSET=utf8mb4;
/*!40101 SET character_set_client = @saved_cs_client */;

--
-- Dumping data for table `templates_cell`
--

LOCK TABLES `templates_cell` WRITE;
/*!40000 ALTER TABLE `templates_cell` DISABLE KEYS */;
INSERT INTO `templates_cell` VALUES (1,'S','E',16,3,'Форма!B2'),(2,'S','E',45,3,'Форма!M2'),(3,'S','E',17,3,'Форма!C2'),(4,'S','E',46,3,''),(5,'S','E',18,3,'Форма!D2'),(6,'S','E',19,3,'Форма!E2'),(7,'S','E',20,3,'Форма!F2'),(8,'S','E',21,3,''),(9,'S','E',22,3,'Форма!H2'),(10,'S','E',23,3,'Форма!I2'),(11,'S','E',26,3,'Форма!K2'),(12,'S','E',27,3,'Форма!L2'),(13,'S','E',28,3,'Форма!B3'),(14,'S','E',29,3,''),(15,'S','E',30,3,''),(16,'S','W',16,3,''),(17,'S','W',45,3,'${Краткое наименование 2}'),(18,'S','W',17,3,'${Цессионарий полное наименование}'),(19,'S','W',46,3,''),(20,'S','W',18,3,'${ФИО}'),(21,'S','W',19,3,''),(22,'S','W',20,3,''),(23,'S','W',21,3,''),(24,'S','W',22,3,'${Цессионарий: прописка или юр. адрес}'),(25,'S','W',23,3,'${телефон}'),(26,'S','W',26,3,'${Цессионарий: Фамилия И.О.}'),(27,'S','W',27,3,'${Подпись}'),(28,'S','W',28,3,''),(29,'S','W',29,3,''),(30,'S','W',30,3,''),(31,'S','E',31,26,'Форма!B3'),(32,'S','E',35,26,''),(33,'S','W',31,26,'${городЗаключенияДоговора}'),(34,'S','W',35,26,''),(35,'D','E',1,1,'Форма!B4'),(36,'D','W',1,1,'${датаЗаключенияДоговора}'),(37,'D','E',11,11,'Форма!B5'),(38,'D','W',11,11,'${клиент ФИО}'),(39,'D','E',10,10,'Форма!B6'),(40,'D','W',10,10,'${Дата рождения клиента}'),(41,'D','E',8,8,'Форма!B7'),(42,'D','W',8,8,'${Клиент: Документ серия}'),(43,'D','E',9,9,'Форма!B8'),(44,'D','W',9,9,'${Клиент: Документ номер}'),(45,'D','E',7,7,'Форма!B9'),(46,'D','W',7,7,'${Клиент: Кем выдан документ}'),(47,'D','E',6,6,'Форма!B10'),(48,'D','W',6,6,'${Клиент: Дата выдачи документа}'),(49,'D','E',5,5,'Форма!B11'),(50,'D','W',5,5,'${Клиент: Код подразделения}'),(51,'D','E',4,4,'Форма!B12'),(52,'D','W',4,4,'${клиент Прописка}'),(53,'D','E',12,12,'Форма!B13'),(54,'D','W',12,12,'${ДТП: Адрес места}'),(55,'D','E',13,13,'Форма!B14'),(56,'D','W',13,13,'${ДТП: Дата}'),(57,'D','E',14,14,'Форма!B15'),(58,'D','W',14,14,'${ДТП: Время}'),(59,'D','E',15,15,'Форма!B16'),(60,'D','W',15,15,'${ДТП: Какими документами оформлялось}'),(61,'S','E',2,2,'Форма!B17'),(62,'S','E',3,2,'Форма!B18'),(63,'S','W',2,2,'${наименование СК}'),(64,'S','W',3,2,'${адрес СК}'),(65,'D','E',27,27,'Форма!B20'),(66,'D','W',27,27,'${Адрес или город осмотра ТС}'),(67,'S','E',32,28,''),(68,'S','E',40,28,'Форма!B19'),(69,'S','W',32,28,''),(70,'S','W',40,28,''),(71,'S','E',38,29,''),(72,'S','E',39,29,'Форма!B21'),(73,'S','W',38,29,''),(74,'S','W',39,29,''),(75,'D','E',19,19,'Форма!B22'),(76,'D','W',19,19,'${Виновник: Серия и номер полиса}'),(77,'D','E',20,20,'Форма!B23'),(78,'D','W',20,20,'${Виновник: Полис действителен до}'),(79,'D','E',21,21,'Форма!B24'),(80,'D','W',21,21,'${Виновник: Марка и модель автомобиля}'),(81,'D','E',22,22,'Форма!B25'),(82,'D','W',22,22,'${Виновник: Гос. номер автомобиля}'),(83,'D','E',17,17,'Форма!B26'),(84,'D','W',17,17,'${Пострадавший: Серия и номер полиса}'),(85,'D','E',18,18,'Форма!B27'),(86,'D','W',18,18,'${Пострадавший: Полис действителен до}'),(87,'D','E',23,23,'Форма!B28'),(88,'D','W',23,23,'${Пострадавший: Марка и модель автомобиля}'),(89,'D','E',30,30,'Форма!B29'),(90,'D','W',30,30,'${Пострадавший: VIN}'),(91,'D','E',31,31,'Форма!B30'),(92,'D','W',31,31,'${Пострадавший: Год выпуска авто}'),(93,'D','E',32,32,'Форма!B31'),(94,'D','W',32,32,'${Пострадавший: Наименование документа (СОР/ПТС)}'),(95,'D','E',24,24,'Форма!B33'),(96,'D','W',24,24,'${Пострадавший: Гос. номер автомобиля}'),(97,'D','E',25,25,'Форма!B34'),(98,'D','W',25,25,'${Водитель управлявший ТС}'),(99,'D','E',33,33,'Форма!B32'),(100,'D','W',33,33,'${Пострадавший: Данные документа (СОР/ПТС)}'),(101,'S','E',36,34,''),(102,'S','E',37,34,'Форма!B35'),(103,'S','W',36,34,''),(104,'S','W',37,34,''),(105,'S','E',41,35,''),(106,'S','E',42,35,''),(107,'S','E',43,35,''),(108,'S','E',44,35,''),(109,'S','W',41,35,''),(110,'S','W',42,35,''),(111,'S','W',43,35,''),(112,'S','W',44,35,''),(113,'D','E',36,36,''),(114,'D','W',36,36,''),(115,'D','E',37,37,''),(116,'D','W',37,37,'дата рождения покупателя'),(117,'D','E',38,38,''),(118,'D','W',38,38,'${Вид документа}'),(119,'D','E',39,39,''),(120,'D','W',39,39,'${Серия и номер полиса по которому обращаемся}'),(121,'S','E',49,38,''),(122,'S','W',49,38,''),(123,'S','E',50,3,''),(124,'S','W',50,3,''),(125,'S','E',51,38,'Форма!H10'),(126,'S','W',51,38,'${Вид документа 2}'),(127,'S','E',52,26,''),(128,'S','W',52,26,''),(129,'S','E',16,40,''),(130,'S','E',45,40,''),(131,'S','E',17,40,''),(132,'S','E',46,40,''),(133,'S','E',18,40,''),(134,'S','E',19,40,''),(135,'S','E',20,40,''),(136,'S','E',21,40,''),(137,'S','E',22,40,''),(138,'S','E',23,40,''),(139,'S','E',26,40,''),(140,'S','E',27,40,''),(141,'S','E',28,40,''),(142,'S','E',29,40,''),(143,'S','E',30,40,''),(144,'S','E',50,40,''),(145,'S','W',16,40,''),(146,'S','W',45,40,''),(147,'S','W',17,40,''),(148,'S','W',46,40,''),(149,'S','W',18,40,''),(150,'S','W',19,40,''),(151,'S','W',20,40,''),(152,'S','W',21,40,''),(153,'S','W',22,40,''),(154,'S','W',23,40,''),(155,'S','W',26,40,''),(156,'S','W',27,40,''),(157,'S','W',28,40,''),(158,'S','W',29,40,''),(159,'S','W',30,40,''),(160,'S','W',50,40,''),(161,'S','E',53,3,''),(162,'S','W',53,3,'${Реквизиты}'),(163,'S','E',53,40,''),(164,'S','W',53,40,''),(165,'D','E',41,41,''),(166,'D','W',41,41,'${Сумма выплаты клиенту: цифры}'),(167,'D','E',42,42,''),(168,'D','W',42,42,'${Сумма выплаты клиенту: буквы}'),(169,'S','E',54,34,''),(170,'S','W',54,34,'${Двигался / стоял / отсутствовал}'),(171,'S','E',55,28,''),(172,'S','W',55,28,'${Как будет проводиться осмотр?}'),(173,'S','E',56,29,''),(174,'S','W',56,29,'${Своя компания или компания виновника - куда идем?}');
/*!40000 ALTER TABLE `templates_cell` ENABLE KEYS */;
UNLOCK TABLES;

--
-- Table structure for table `templates_cons`
--

DROP TABLE IF EXISTS `templates_cons`;
/*!40101 SET @saved_cs_client     = @@character_set_client */;
/*!40101 SET character_set_client = utf8 */;
CREATE TABLE `templates_cons` (
  `id` int(11) NOT NULL AUTO_INCREMENT,
  `documentId` int(11) NOT NULL,
  `fieldName` varchar(500) NOT NULL,
  `comment` varchar(500) NOT NULL,
  `fieldType` varchar(100) NOT NULL,
  `isRequired` tinyint(1) NOT NULL,
  `isUnique` tinyint(1) NOT NULL,
  `priority` int(11) NOT NULL DEFAULT '0',
  `header` tinyint(4) NOT NULL,
  PRIMARY KEY (`id`)
) ENGINE=InnoDB AUTO_INCREMENT=43 DEFAULT CHARSET=utf8mb4;
/*!40101 SET character_set_client = @saved_cs_client */;

--
-- Dumping data for table `templates_cons`
--

LOCK TABLES `templates_cons` WRITE;
/*!40000 ALTER TABLE `templates_cons` DISABLE KEYS */;
INSERT INTO `templates_cons` VALUES (1,1,'Дата заключения договора','Дата заключения договора','date',1,0,100,4),(2,1,'Страховая компания','Страховая компания','sprav_2',1,0,73,3),(3,1,'Цессионарий','Цессионарий','sprav_1',1,0,100,4),(4,1,'Клиент: Прописка','Адрес прописки клиента','text',1,0,81,0),(5,1,'Клиент: Код подразделения органа выдавшего документ','Код подразделения паспорта клиента, например','text',1,0,82,0),(6,1,'Клиент: Дата выдачи документа','Дата выдачи паспорта клиента, например','date',1,0,83,0),(7,1,'Клиент: Кем выдан документ','Кем выдан паспорт клиента, например','text',1,0,84,0),(8,1,'Клиент: Документ серия','Серия паспорта клиента, например','text',1,0,86,0),(9,1,'Клиент: Документ номер','Номер паспорта клиента, например','text',1,0,85,0),(10,1,'Клиент: Дата рождения','Дата рождения клиента','date',1,0,87,0),(11,1,'Клиент: ФИО','ФИО клиента','fio',1,0,88,2),(12,1,'ДТП: Адрес места','Адрес места ДТП','text',1,0,79,0),(13,1,'ДТП: Дата','Дата ДТП','date',1,0,78,0),(14,1,'ДТП: Время','Время ДТП','time',1,0,77,0),(15,1,'ДТП: Какими документами оформлялось','Какими документами оформлялось','text',1,0,76,0),(17,1,'Пострадавший: Серия и номер полиса','Серия номер полиса пострадавшего','text',0,0,96,0),(18,1,'Пострадавший: Полис действителен до','Дата действия полиса пострадавшего','date',0,0,95,0),(19,1,'Виновник: Серия и номер полиса','Серия номер полиса виновника','text',1,0,99,0),(20,1,'Виновник: Полис действителен до','Дата действия полиса виновника','date',1,0,98,0),(21,1,'Виновник: Марка и модель автомобиля','Марка и модель автомобиля виновника','list_3',1,0,97,0),(22,1,'Виновник: Гос. номер автомобиля','Государственный номер автомобиля виновника','numrus',1,0,97,0),(23,1,'Пострадавший: Марка и модель автомобиля',' Марка и модель автомобиля пострадавшего','list_3',1,0,94,0),(24,1,'Пострадавший: Гос. номер автомобиля','Гос. номер автомобиля пострадавшего','numrus',1,0,93,0),(25,1,'Водитель управлявший ТС','Водитель управлявший ТС','fio',1,0,89,0),(26,1,'Город заключения договора','в каком Городе заключен дог','sprav_6',1,0,101,4),(27,1,'Адрес или город осмотра ТС','Адрес или город где будет проходить осмотр ТС от СК','text',1,0,71,0),(28,1,'Как будет проводиться осмотр?','Машина на ходу?','sprav_7',1,0,71,0),(29,1,'Своя компания или компания виновника - куда идем?','Своя компания или компания виновника','sprav_10',1,0,72,0),(30,1,'Пострадавший: VIN','Пострадавший: VIN','text',1,0,93,0),(31,1,'Пострадавший: Год выпуска авто','Год выпуска автомобиля пострадавшего','number',1,0,92,0),(32,1,'Пострадавший: Наименование документа (СОР/ПТС)','Наименование документа (СОР/ПТС) пострадавшего','text',1,0,91,0),(33,1,'Пострадавший: Данные документа (СОР/ПТС)','Данные документа (СОР/ПТС) пострадавшего','text',1,0,90,0),(34,1,'Двигался / стоял / отсутствовал','Двигался / стоял / отсутствовал','sprav_9',1,0,49,0),(35,1,'хрень','хрень','sprav_11',0,0,0,0),(36,2,'Покупатель','ФИО покупателя','text',1,0,2,2),(37,2,'ДР Покупателя','дата рождения','date',0,0,3,0),(38,1,'Вид документа','Вид документа','sprav_12',1,0,86,0),(39,1,'Серия и номер полиса по которому обращаемся','Укажи полис ОСАГО той компании, в которую мы обращаемся (без пробелов)','text',1,0,72,0),(40,1,'хренотень','тест','sprav_1',0,0,0,0),(41,1,'Сумма выплаты клиенту: цифры','Пропиши цифрами на какую сумму заключается приложение','number',0,0,2,0),(42,1,'Сумма выплаты клиенту: буквы','Пропиши БУКВАМИ на какую сумму заключается приложение','text',0,0,1,0);
/*!40000 ALTER TABLE `templates_cons` ENABLE KEYS */;
UNLOCK TABLES;

--
-- Table structure for table `templates_files`
--

DROP TABLE IF EXISTS `templates_files`;
/*!40101 SET @saved_cs_client     = @@character_set_client */;
/*!40101 SET character_set_client = utf8 */;
CREATE TABLE `templates_files` (
  `id` int(11) NOT NULL AUTO_INCREMENT,
  `documentId` int(11) NOT NULL,
  `fileName` varchar(1000) NOT NULL,
  PRIMARY KEY (`id`)
) ENGINE=InnoDB AUTO_INCREMENT=42 DEFAULT CHARSET=utf8mb4;
/*!40101 SET character_set_client = @saved_cs_client */;

--
-- Dumping data for table `templates_files`
--

LOCK TABLES `templates_files` WRITE;
/*!40000 ALTER TABLE `templates_files` DISABLE KEYS */;
INSERT INTO `templates_files` VALUES (1,1,'Документы по физическому лицу.xlsx'),(2,2,'Договор купли-продажи автомобиля 2020.docx'),(29,1,'1. уведомление о НЕ мошенничестве (1 экз. нам).docx'),(30,1,'2. Акт приема-передачи документов с клиентом (2 экз. 1 клиенту 1 нам).docx'),(31,1,'3. Заявка на услуги АК (1 экз. нам).docx'),(32,1,'4. Не Приложение 1 (1 экз. клиенту).docx'),(33,1,'5.1. Приложение №1 (стандарт 70-30) (2 экз. 1 нам 1 клиенту).docx'),(34,1,'5.2. Приложение №1 (на сумму) (2 экз. 1 нам 1 клиенту).docx'),(35,1,'6. Не Цессия (соглашение) (1 экз. клиенту).docx'),(36,1,'7. Цессия (соглашение) (3 экз. 2 нам 1 клиенту).docx'),(37,1,'Приложение №2 (на сумму (ранее заключено Приложение 1 (стандарт 70-30)).docx'),(38,1,'8.1. НЕ ДЛЯ КЛИЕНТА. Уведомление о переходе права требования (у пострад. есть полис) 2экз 1 нам 1 в СК.docx'),(39,1,'8.2. НЕ ДЛЯ КЛИЕНТА. Уведомление о переходе права требования (у пострад. НЕТ полиса) 2экз 1 нам 1 в СК.docx'),(41,1,'9. Заявление в СК (от ПХ) 2 экз 1 нам 1 в СК.docx');
/*!40000 ALTER TABLE `templates_files` ENABLE KEYS */;
UNLOCK TABLES;

--
-- Table structure for table `users`
--

DROP TABLE IF EXISTS `users`;
/*!40101 SET @saved_cs_client     = @@character_set_client */;
/*!40101 SET character_set_client = utf8 */;
CREATE TABLE `users` (
  `id` int(11) NOT NULL AUTO_INCREMENT,
  `login` varchar(100) NOT NULL,
  `pass` varchar(100) NOT NULL,
  `name` varchar(200) NOT NULL,
  `role` varchar(10) NOT NULL,
  `selCity` tinyint(1) NOT NULL DEFAULT '0',
  `isBoss` tinyint(1) NOT NULL DEFAULT '0',
  `cessionId` int(11) NOT NULL DEFAULT '0',
  PRIMARY KEY (`id`)
) ENGINE=InnoDB AUTO_INCREMENT=5 DEFAULT CHARSET=utf8mb4;
/*!40101 SET character_set_client = @saved_cs_client */;

--
-- Dumping data for table `users`
--

LOCK TABLES `users` WRITE;
/*!40000 ALTER TABLE `users` DISABLE KEYS */;
INSERT INTO `users` VALUES (1,'admin','123','Администратор','admin',1,0,0),(2,'user','123','Обычный менеджер','user',0,0,0),(3,'testm','testm','Чита','user',0,0,32),(4,'Birula_MV','Birula_MV','Бируля Максим Вадимович','user',0,0,39);
/*!40000 ALTER TABLE `users` ENABLE KEYS */;
UNLOCK TABLES;
/*!50112 SET @disable_bulk_load = IF (@is_rocksdb_supported, 'SET SESSION rocksdb_bulk_load = @old_rocksdb_bulk_load', 'SET @dummy_rocksdb_bulk_load = 0') */;
/*!50112 PREPARE s FROM @disable_bulk_load */;
/*!50112 EXECUTE s */;
/*!50112 DEALLOCATE PREPARE s */;
/*!40103 SET TIME_ZONE=@OLD_TIME_ZONE */;

/*!40101 SET SQL_MODE=@OLD_SQL_MODE */;
/*!40014 SET FOREIGN_KEY_CHECKS=@OLD_FOREIGN_KEY_CHECKS */;
/*!40014 SET UNIQUE_CHECKS=@OLD_UNIQUE_CHECKS */;
/*!40101 SET CHARACTER_SET_CLIENT=@OLD_CHARACTER_SET_CLIENT */;
/*!40101 SET CHARACTER_SET_RESULTS=@OLD_CHARACTER_SET_RESULTS */;
/*!40101 SET COLLATION_CONNECTION=@OLD_COLLATION_CONNECTION */;
/*!40111 SET SQL_NOTES=@OLD_SQL_NOTES */;

-- Dump completed on 2024-09-27 10:07:23
